City_ID,City,Country,Date,Lat,Lng,Max Temp,Humidity,Cloudiness,Wind Speed
0,Iqaluit,CA,12/24/2020 2:54,63.75,-68.51,-0.4,70,75,18.34
1,Atuona,PF,12/24/2020 2:58,-9.8,-139.03,78.64,76,4,16.71
2,Punta Arenas,CL,12/24/2020 2:58,-53.15,-70.92,44.01,70,2,25.28
3,Guerrero Negro,MX,12/24/2020 2:58,27.98,-114.06,62.08,65,100,5.95
4,Fairlie,GB,12/24/2020 2:58,55.76,-4.86,35.01,79,46,9.17
5,Lebu,CL,12/24/2020 2:58,-37.62,-73.65,55.94,90,0,12.82
6,Tasiilaq,GL,12/24/2020 2:58,65.61,-37.64,30.2,92,100,39.15
7,Thompson,CA,12/24/2020 2:58,55.74,-97.86,-27.4,74,20,3.06
8,Saint George,US,12/24/2020 2:55,37.1,-113.58,39.99,21,1,9.17
9,Ushuaia,AR,12/24/2020 2:58,-54.8,-68.3,46.4,85,20,20.8
10,Hermanus,ZA,12/24/2020 2:58,-34.42,19.23,61,94,100,4.36
11,Nkhotakota,MW,12/24/2020 2:58,-12.93,34.3,74.12,81,54,4.07
12,Butaritari,KI,12/24/2020 2:58,3.07,172.79,81.23,77,68,15.68
13,Coquimbo,CL,12/24/2020 2:58,-29.95,-71.34,59,82,0,5.82
14,Jamestown,US,12/24/2020 2:58,42.1,-79.24,39.99,55,75,10.29
15,Yellowknife,CA,12/24/2020 2:54,62.46,-114.35,-2.99,83,90,16.11
16,Castro,BR,12/24/2020 2:55,-24.79,-50.01,62.47,89,77,11.18
17,Kavieng,PG,12/24/2020 2:58,-2.57,150.8,85.95,66,91,5.68
18,Arraial Do Cabo,BR,12/24/2020 2:58,-22.97,-42.03,73.74,85,97,7.16
19,Loreto,MX,12/24/2020 2:58,22.27,-101.97,58.6,33,0,8.25
20,Carnarvon,AU,12/24/2020 2:58,-24.87,113.63,80.6,83,0,11.41
21,Aksha,RU,12/24/2020 2:58,50.28,113.29,4.82,73,0,12.08
22,Albany,US,12/24/2020 2:57,42.6,-73.97,37,61,98,1.01
23,Iwanai,JP,12/24/2020 2:58,42.97,140.51,41.14,72,98,14.18
24,Imeni Poliny Osipenko,RU,12/24/2020 2:58,52.42,136.49,-9.44,85,0,4.03
25,Kilindoni,TZ,12/24/2020 2:58,-7.91,39.67,81.57,79,36,11.07
26,Jawhar,SO,12/24/2020 2:58,2.78,45.5,69.64,75,0,9.86
27,Port Alfred,ZA,12/24/2020 2:58,-33.59,26.89,64,96,100,1.01
28,Winnemucca,US,12/24/2020 2:57,40.97,-117.74,26.6,63,1,6.93
29,Neiafu,TO,12/24/2020 2:58,-18.65,-173.98,84.2,74,40,5.82
30,Pakhtakoron,TJ,12/24/2020 2:58,40.16,68.75,33.55,82,74,10.92
31,Vila Velha,BR,12/24/2020 2:58,-20.33,-40.29,71.6,100,75,5.82
32,Cherskiy,RU,12/24/2020 2:58,68.75,161.3,-18.42,87,100,11.83
33,Sulphur,US,12/24/2020 2:58,30.24,-93.38,68,94,90,10.29
34,Palmer,US,12/24/2020 2:58,42.16,-72.33,28,73,75,4
35,Cape Town,ZA,12/24/2020 2:57,-33.93,18.42,66,93,75,6.93
36,Miri,MY,12/24/2020 2:54,4.41,114.01,86,79,40,6.93
37,Acajutla,SV,12/24/2020 2:58,13.59,-89.83,78.44,73,0,5.19
38,Houma,US,12/24/2020 2:58,29.6,-90.72,68,93,90,10.29
39,Tuktoyaktuk,CA,12/24/2020 2:58,69.45,-133.04,-2.2,84,90,17.22
40,Muisne,EC,12/24/2020 2:58,0.6,-80.03,75.45,87,100,7.58
41,Avarua,CK,12/24/2020 2:58,-21.21,-159.78,71.6,94,100,5.82
42,Belaya Gora,RU,12/24/2020 2:58,68.53,146.42,-19.07,87,100,14.76
43,Zhanaozen,KZ,12/24/2020 2:58,43.3,52.8,21.94,86,100,12.75
44,Aklavik,CA,12/24/2020 2:58,68.22,-135.01,-2.2,77,100,6.93
45,Saskylakh,RU,12/24/2020 2:58,71.92,114.08,-26.09,85,87,7.23
46,Hilo,US,12/24/2020 2:58,19.73,-155.09,80.6,51,1,8.05
47,Rokytne,UA,12/24/2020 2:58,51.28,27.21,30.49,99,79,6.49
48,Yangshe,CN,12/24/2020 2:58,31.89,120.61,54,94,0,9.86
49,Suhbaatar,MN,12/24/2020 2:58,50.23,106.21,-2.88,83,43,3.11
50,Yulara,AU,12/24/2020 2:58,-25.24,130.99,84.2,26,0,17.22
51,Haimen,CN,12/24/2020 2:58,23.19,116.61,66.2,77,20,4.47
52,Norman Wells,CA,12/24/2020 2:58,65.28,-126.83,-4,76,90,5.82
53,Aktau,KZ,12/24/2020 2:58,43.65,51.2,24.8,79,90,13.42
54,Severo-Kurilsk,RU,12/24/2020 2:58,50.68,156.12,21.11,91,78,23.04
55,Qaanaaq,GL,12/24/2020 2:58,77.48,-69.36,-2.88,82,49,8.05
56,Kirakira,SB,12/24/2020 2:58,-10.45,161.92,84.7,68,64,2.68
57,Kapaa,US,12/24/2020 2:58,22.08,-159.32,78.8,65,1,4.7
58,Longyearbyen,SJ,12/24/2020 2:58,78.22,15.64,33.8,69,40,18.34
59,Keti Bandar,PK,12/24/2020 2:58,24.14,67.45,62.15,31,0,12.66
60,Inhambane,MZ,12/24/2020 2:58,-23.86,35.38,79.56,85,100,10.38
61,Rikitea,PF,12/24/2020 2:58,-23.12,-134.97,78.8,64,54,7.4
62,Grindavik,IS,12/24/2020 2:58,63.84,-22.43,35.6,93,90,17.22
63,Inirida,CO,12/24/2020 2:58,3.87,-67.92,74.39,95,82,1.86
64,Faanui,PF,12/24/2020 2:58,-16.48,-151.75,80.85,76,60,11.36
65,Roald,NO,12/24/2020 2:58,62.58,6.13,35.6,93,98,4.7
66,Tura,IN,12/24/2020 2:58,25.52,90.22,67.62,60,15,0.85
67,Barrow,US,12/24/2020 2:58,71.29,-156.79,-0.4,70,90,20.8
68,Tromso,NO,12/24/2020 2:58,69.65,18.96,35.01,80,100,14.99
69,San Cristobal,VE,12/24/2020 2:58,7.77,-72.22,65.3,92,100,2.15
70,Port Hardy,CA,12/24/2020 2:58,50.7,-127.42,42.8,74,90,11.41
71,Mozarlandia,BR,12/24/2020 2:58,-14.74,-50.57,73.13,91,100,3.47
72,Hambantota,LK,12/24/2020 2:58,6.12,81.12,75.2,100,40,2.24
73,Catamarca,AR,12/24/2020 2:58,-28.47,-65.79,71.01,56,8,11.61
74,Georgetown,MY,12/24/2020 2:57,5.41,100.34,84.2,83,20,2.24
75,Hobart,AU,12/24/2020 2:58,-42.88,147.33,62.6,42,75,8.05
76,Esperance,AU,12/24/2020 2:58,-33.87,121.9,82.4,34,0,10.29
77,Brownwood,US,12/24/2020 2:54,31.71,-98.99,44.6,28,90,20.8
78,Kalmunai,LK,12/24/2020 2:58,7.42,81.82,77.79,87,99,10.2
79,Yuanping,CN,12/24/2020 2:58,38.72,112.76,22.19,66,0,3.51
80,Yar-Sale,RU,12/24/2020 2:58,66.83,70.83,-31.77,84,95,9.4
81,Cabra,ES,12/24/2020 2:58,37.47,-4.44,52,83,71,0.72
82,Lompoc,US,12/24/2020 2:58,34.64,-120.46,51.8,81,1,3.11
83,Busselton,AU,12/24/2020 2:58,-33.65,115.33,85.01,28,6,10.56
84,Baykit,RU,12/24/2020 2:58,61.67,96.37,-32.73,77,9,2.55
85,Evensk,RU,12/24/2020 2:58,61.95,159.23,-32.15,70,0,6.29
86,Almonte,ES,12/24/2020 2:58,37.26,-6.52,52,84,86,5.97
87,Provideniya,RU,12/24/2020 2:58,64.38,-173.3,19.4,79,90,13.42
88,Kenai,US,12/24/2020 2:58,60.55,-151.26,35.01,74,20,6.93
89,La Ciotat,FR,12/24/2020 2:58,43.17,5.6,54,96,99,8.34
90,Sakaraha,MG,12/24/2020 2:58,-22.9,44.53,76.5,77,10,1.3
91,Marzuq,YE,12/24/2020 2:58,14.4,46.47,55.85,51,0,1.97
92,Moa,CU,12/24/2020 2:58,20.66,-74.94,76.41,82,16,15.14
93,Kampong Chhnang,KH,12/24/2020 2:58,12.17,104.55,82.83,65,29,10.31
94,Chuy,UY,12/24/2020 2:58,-33.7,-53.46,62.17,92,0,8.05
95,Nikolskoye,RU,12/24/2020 2:58,59.7,30.79,34,92,75,6.71
96,Mataura,NZ,12/24/2020 2:58,-46.19,168.86,59,71,8,15.99
97,Ribeira Grande,PT,12/24/2020 2:58,38.52,-28.7,56.53,62,8,14.7
98,Fukue,JP,12/24/2020 2:58,32.69,128.84,51.8,93,75,2.24
99,Billerica,US,12/24/2020 2:58,42.56,-71.27,30,73,1,4.79
100,Roma,US,12/24/2020 2:55,43.21,-75.46,33.01,72,100,13.04
101,Itaituba,BR,12/24/2020 2:58,-4.28,-55.98,77.4,76,96,0.22
102,Namatanai,PG,12/24/2020 2:58,-3.67,152.43,84.38,75,94,5.23
103,Talakan,RU,12/24/2020 2:58,50.32,130.37,-5.3,83,0,6.67
104,Santa Cruz,BO,12/24/2020 2:58,-17.8,-63.17,78.8,88,75,5.82
105,Lerwick,GB,12/24/2020 2:58,60.15,-1.15,33.8,74,33,13.87
106,Whithorn,JM,12/24/2020 2:58,18.26,-78.04,78.8,83,20,5.82
107,Ornskoldsvik,SE,12/24/2020 2:58,63.29,18.72,32,97,78,9.17
108,Morondava,MG,12/24/2020 2:58,-20.28,44.28,81.7,75,0,4.23
109,Bluff,NZ,12/24/2020 2:58,-46.6,168.33,59,71,2,15.99
110,Pevek,RU,12/24/2020 2:58,69.7,170.31,-3.57,90,100,0.89
111,Krasnoselkup,RU,12/24/2020 2:58,65.7,82.47,-43.58,78,36,6.62
112,Kumluca,TR,12/24/2020 2:58,36.37,30.29,54.28,41,0,4.5
113,Makakilo City,US,12/24/2020 2:58,21.35,-158.09,80.6,54,1,6.93
114,Hasaki,JP,12/24/2020 2:55,35.73,140.83,54,50,75,5.82
115,Puerto Cabezas,NI,12/24/2020 2:58,14.04,-83.39,75.63,89,0,7.18
116,Tashtagol,RU,12/24/2020 2:58,52.77,87.89,16.43,94,100,14.23
117,Torbay,CA,12/24/2020 2:58,47.67,-52.73,32,94,90,12.75
118,Kaitangata,NZ,12/24/2020 2:58,-46.28,169.85,64,46,30,8.01
119,Tupik,RU,12/24/2020 2:58,54.43,119.93,-13.54,85,87,1.92
120,Sechura,PE,12/24/2020 2:58,-5.56,-80.82,70.29,76,100,12.21
121,Puerto Ayora,EC,12/24/2020 2:58,-0.74,-90.35,73,92,52,4
122,Hyeres,FR,12/24/2020 2:58,43.12,6.12,57.2,87,90,9.17
123,Grand Gaube,MU,12/24/2020 2:58,-20.01,57.66,77,84,8,10
124,Luderitz,NA,12/24/2020 2:58,-26.65,15.16,65.25,55,0,21.07
125,Xichang,CN,12/24/2020 2:58,27.9,102.26,53.01,51,96,1.59
126,Abdanan,IR,12/24/2020 2:58,32.99,47.42,44.11,70,45,1.72
127,Krasnyy Luch,UA,12/24/2020 2:58,48.14,38.94,20.25,97,78,5.82
128,Bredasdorp,ZA,12/24/2020 2:58,-34.53,20.04,60.8,87,100,4.9
129,Filadelfia,US,12/24/2020 2:57,39.95,-75.16,41,69,75,3.36
130,Khatanga,RU,12/24/2020 2:58,71.97,102.5,-26.68,85,99,9.06
131,Corn Island,NI,12/24/2020 2:58,12.17,-83.04,81.7,80,0,15.57
132,Ambon,ID,12/24/2020 2:58,-3.7,128.18,86,70,40,12.75
133,Kununurra,AU,12/24/2020 2:55,-15.77,128.73,89.6,70,40,11.41
134,Suket,IN,12/24/2020 2:58,24.65,76.03,60.22,41,0,2.24
135,Narsaq,GL,12/24/2020 2:58,60.92,-46.05,35.6,80,100,2.24
136,Clyde River,CA,12/24/2020 2:58,70.47,-68.59,-9.4,83,0,18.34
137,East London,ZA,12/24/2020 2:58,-33.02,27.91,70.07,68,56,16.26
138,Tutoia,BR,12/24/2020 2:58,-2.76,-42.27,80.58,77,100,13.31
139,Walvis Bay,NA,12/24/2020 2:58,-22.96,14.51,63,90,0,2.62
140,Talavera De La Reina,ES,12/24/2020 2:58,39.96,-4.83,48.85,92,100,1.19
141,Binabalian,PH,12/24/2020 2:58,16.42,119.93,82.26,73,0,7.38
142,Bambous Virieux,MU,12/24/2020 2:58,-20.34,57.76,77,83,75,12.75
143,Big Spring,US,12/24/2020 2:58,32.25,-101.48,37.4,29,90,19.46
144,Wajir,KE,12/24/2020 2:58,1.75,40.06,75.83,79,0,10.18
145,Klaksvik,FO,12/24/2020 2:59,62.23,-6.59,33.8,64,93,18.34
146,Mabaruma,GY,12/24/2020 2:59,8.2,-59.78,73.45,98,80,3.09
147,Merauke,ID,12/24/2020 2:59,-8.47,140.33,84.63,72,100,3.58
148,Miles City,US,12/24/2020 2:56,46.41,-105.84,19.4,62,1,6.93
149,Vaini,TO,12/24/2020 2:59,-21.2,-175.2,84.2,79,40,12.75
150,San Felipe,VE,12/24/2020 2:59,10.34,-68.74,72.37,90,99,5.26
151,Bilibino,RU,12/24/2020 2:59,68.05,166.44,-29.9,81,100,2.75
152,San Bartolome De Tirajana,ES,12/24/2020 2:59,27.92,-15.57,68,72,0,4.7
153,Codrington,AU,12/24/2020 2:59,-38.27,141.97,58.69,64,99,11.32
154,Hofn,IS,12/24/2020 2:59,64.25,-15.21,31.55,79,99,4.92
155,Araouane,ML,12/24/2020 2:59,18.9,-3.53,59.61,32,89,9.04
156,Chokurdakh,RU,12/24/2020 2:59,70.63,147.92,-11.54,89,100,13.98
157,La Rioja,ES,12/24/2020 2:59,42.25,-2.5,46,93,90,2.24
158,Komsomolskoye,RU,12/24/2020 2:59,55.26,47.55,5.11,92,78,6.13
159,Monkey Bay,MW,12/24/2020 2:59,-14.07,34.92,78.96,71,16,2.15
160,Saint-Philippe,RE,12/24/2020 2:59,-21.36,55.77,77,73,20,6.93
161,Bethel,US,12/24/2020 2:59,41.37,-73.41,33.01,79,1,4.61
162,Namibe,AO,12/24/2020 2:59,-15.2,12.15,68.09,83,30,5.14
163,Itoigawa,JP,12/24/2020 2:59,37.03,137.85,39,81,77,9.71
164,Nanortalik,GL,12/24/2020 2:59,60.14,-45.24,34.29,93,99,19.91
165,Namtsy,RU,12/24/2020 2:59,62.72,129.67,-56.2,55,90,1.66
166,Arawa,PG,12/24/2020 2:59,-6.21,155.54,85.62,72,98,3.33
167,Port Elizabeth,ZA,12/24/2020 2:59,-33.92,25.57,62.6,100,75,12.75
168,Lagoa,PT,12/24/2020 2:59,39.05,-27.98,57.24,68,98,23.64
169,Road Town,VG,12/24/2020 2:59,18.42,-64.62,78.01,88,25,5.99
170,Mahebourg,MU,12/24/2020 2:59,-20.41,57.7,77,83,75,12.75
171,Jacksonville,US,12/24/2020 2:54,30.33,-81.66,59,87,75,3.2
172,Cidreira,BR,12/24/2020 2:59,-30.18,-50.21,72.68,79,2,17.56
173,Saurimo,AO,12/24/2020 2:59,-9.66,20.39,61.83,97,53,1.92
174,Necochea,AR,12/24/2020 2:59,-38.55,-58.74,73,52,1,3.71
175,Fabiansebestyen,HU,12/24/2020 2:59,46.68,20.47,46,96,100,11.9
176,Nome,US,12/24/2020 2:59,64.5,-165.41,26.6,86,90,11.41
177,Tommot,RU,12/24/2020 2:59,58.96,126.29,-10.77,87,100,2.17
178,Mar Del Plata,AR,12/24/2020 2:59,-38,-57.56,75.99,33,0,10.29
179,Paracatu,BR,12/24/2020 2:59,-17.22,-46.87,69.94,93,100,2.77
180,Chama,CH,12/24/2020 2:59,47.18,8.46,46.4,93,90,2.06
181,Hovd,MN,12/24/2020 2:59,48.01,91.64,7.57,82,0,4.09
182,Mana,GF,12/24/2020 2:59,5.66,-53.78,76.66,90,100,9.66
183,Ixtapa,MX,12/24/2020 2:57,20.7,-105.2,71.6,83,5,2.24
184,Saint-Paul,RE,12/24/2020 2:58,-21.01,55.27,78.8,69,0,17.22
185,Victoria,HK,12/24/2020 2:59,22.29,114.16,69.01,71,5,1.01
186,Russell,US,12/24/2020 2:54,32.35,-85.2,57.2,66,90,7.4
187,Sirnak,TR,12/24/2020 2:59,37.52,42.46,24.17,89,1,5.41
188,Tiksi,RU,12/24/2020 2:59,71.69,128.87,-16.94,89,100,7.05
189,Gravdal,NO,12/24/2020 2:59,68.12,13.5,36.18,95,100,2.48
190,Davila,PH,12/24/2020 2:59,18.47,120.58,82.4,83,20,6.93
191,Santa Maria,BR,12/24/2020 2:59,-29.68,-53.81,73.4,73,0,13.87
192,Karratha,AU,12/24/2020 2:59,-20.74,116.85,96.67,22,51,7.38
193,New Norfolk,AU,12/24/2020 2:59,-42.78,147.06,59,67,95,3
194,Cabo San Lucas,MX,12/24/2020 2:54,22.89,-109.91,69.8,56,5,3.36
195,Aswan,EG,12/24/2020 2:59,24.09,32.91,58.96,54,100,10.6
196,Sao Filipe,CV,12/24/2020 2:59,14.9,-24.5,72.23,65,100,5.1
197,Rio Gallegos,AR,12/24/2020 2:59,-51.62,-69.22,50,39,0,19.46
198,Te Anau,NZ,12/24/2020 2:59,-45.42,167.72,63.45,48,5,9.4
199,Montepuez,MZ,12/24/2020 2:59,-13.13,39,71.42,93,36,3.44
200,Bonavista,CA,12/24/2020 2:59,48.65,-53.11,28.4,74,96,8.05
201,Adelaide,AU,12/24/2020 2:57,-34.93,138.6,78.01,38,40,11.41
202,Dikson,RU,12/24/2020 2:59,73.51,80.55,-13.83,88,83,10.07
203,Oudtshoorn,ZA,12/24/2020 2:55,-33.59,22.2,59,100,42,4.7
204,Nerchinsk,RU,12/24/2020 2:59,51.98,116.58,3.2,91,100,5.14
205,Lorengau,PG,12/24/2020 2:59,-2.02,147.27,83.89,75,99,3.91
206,Coihaique,CL,12/24/2020 2:59,-45.58,-72.07,55.4,82,100,6.93
207,Podgornoye,RU,12/24/2020 2:59,51.73,39.15,19.4,100,90,6.71
208,Isangel,VU,12/24/2020 2:59,-19.55,169.27,87.8,70,75,5.82
209,Coreau,BR,12/24/2020 2:59,-3.53,-40.66,74.1,82,98,2.98
210,Simbahan,PH,12/24/2020 2:59,6.3,120.58,83.91,71,71,5.19
211,Port Blair,IN,12/24/2020 2:57,11.67,92.75,78.8,78,40,2.24
212,Oktyabrskoye,RU,12/24/2020 2:59,43.06,44.74,19.4,100,99,2.24
213,Gobabis,NA,12/24/2020 2:59,-22.45,18.97,71.08,35,72,8.57
214,Tifton,US,12/24/2020 2:59,31.45,-83.51,55,76,1,5.61
215,Chissamba,AO,12/24/2020 2:59,-12.17,17.33,62.08,94,99,2.51
216,Vila Franca Do Campo,PT,12/24/2020 2:59,37.72,-25.43,53.6,66,75,16.11
217,Meulaboh,ID,12/24/2020 2:59,4.14,96.13,80.53,79,100,3.18
218,Beringovskiy,RU,12/24/2020 2:59,63.05,179.32,-16.69,84,23,6.31
219,Kita,ML,12/24/2020 2:59,13.03,-9.49,66.02,25,53,3.13
220,Miyakonojo,JP,12/24/2020 2:59,31.73,131.07,55.4,87,75,8.05
221,Puerto El Triunfo,SV,12/24/2020 2:59,13.28,-88.55,77,83,20,3.36
222,Gorontalo,ID,12/24/2020 2:59,0.54,123.06,89.94,54,99,4
223,Moose Factory,CA,12/24/2020 2:59,51.26,-80.61,19.4,85,90,8.05
224,Iskateley,RU,12/24/2020 2:59,67.68,53.15,-25.8,82,0,6.8
225,Collie,AU,12/24/2020 2:55,-33.37,116.15,101.01,10,0,10.76
226,Synya,RU,12/24/2020 2:59,65.37,58.04,-31.02,84,16,3.49
227,Calama,CL,12/24/2020 2:59,-22.47,-68.93,59,44,0,16.11
228,Byron Bay,AU,12/24/2020 2:59,-28.65,153.62,77,69,40,11.41
229,Bubaque,GW,12/24/2020 2:59,11.28,-15.83,79.68,60,36,9.42
230,Chum Phae,TH,12/24/2020 2:59,16.54,102.1,76.53,52,1,4.21
231,Teluk Nibung,ID,12/24/2020 2:59,3,99.82,78.93,85,81,3.96
232,Flinders,AU,12/24/2020 2:59,-34.58,150.86,75.99,70,63,11.99
233,Acarau,BR,12/24/2020 2:56,-2.89,-40.12,78.35,81,98,13.6
234,Kiruna,SE,12/24/2020 2:59,67.86,20.23,28.4,92,100,5.99
235,Acapulco,MX,12/24/2020 2:59,16.86,-99.89,78.8,88,20,4.7
236,Kipini,KE,12/24/2020 2:59,-2.53,40.53,80.6,83,1,3.09
237,Umm Kaddadah,SD,12/24/2020 2:59,13.6,26.69,67.64,30,1,16.75
238,Kabanga,TZ,12/24/2020 2:59,-2.64,30.47,56.52,96,69,1.68
239,Poya,NC,12/24/2020 2:59,-21.35,165.15,81.3,73,59,8.55
240,Kahului,US,12/24/2020 2:55,20.89,-156.47,84.2,51,20,9.17
241,Lavrentiya,RU,12/24/2020 2:59,65.58,-171,25.3,98,100,7.54
242,Cabedelo,BR,12/24/2020 2:58,-6.98,-34.83,78.8,78,20,8.05
243,Praia,CV,12/24/2020 2:54,14.92,-23.51,68,77,40,6.93
244,Shahreza,IR,12/24/2020 2:59,32.03,51.88,38.25,76,0,6.96
245,Porto Novo,BJ,12/24/2020 2:59,6.5,2.6,78.19,86,8,4.41
246,Vanimo,PG,12/24/2020 2:59,-2.67,141.3,79.23,86,100,2.91
247,Abnub,EG,12/24/2020 2:59,27.27,31.15,50,81,0,11.41
248,Ulvik,NO,12/24/2020 2:59,60.57,6.92,34,75,84,1.99
249,Maumere,ID,12/24/2020 2:54,-8.62,122.21,84.81,65,43,0.89
250,Shaunavon,CA,12/24/2020 2:59,49.65,-108.42,17.6,85,17,11.41
251,Poronaysk,RU,12/24/2020 2:59,49.22,143.12,11.98,94,100,7.94
252,Machali,CL,12/24/2020 2:59,-34.18,-70.67,59.85,56,0,0.89
253,Hinche,HT,12/24/2020 2:59,19.15,-72.02,80.6,65,0,10.29
254,Mount Gambier,AU,12/24/2020 2:59,-37.83,140.77,64.4,55,90,12.75
255,Bluefields,NI,12/24/2020 2:59,12.01,-83.76,77.27,90,0,8.37
256,Ballina,AU,12/24/2020 2:59,-28.87,153.57,77,69,40,11.41
257,Sao Raimundo Nonato,BR,12/24/2020 2:59,-9.02,-42.7,75.33,65,99,0.6
258,Suez,EG,12/24/2020 2:59,29.97,32.53,54.01,80,0,7.18
259,Tiznit,MA,12/24/2020 2:59,29.58,-9.5,54.12,48,28,7.96
260,Drobak,NO,12/24/2020 2:59,59.66,10.63,35.01,89,76,4
261,Komsomolskiy,UZ,12/24/2020 2:59,40.43,71.72,32,88,90,4.7
262,Tautira,PF,12/24/2020 2:59,-17.73,-149.15,82.4,74,40,4.7
263,Shingu,JP,12/24/2020 2:59,33.73,135.98,50,87,75,2.24
264,Potsdam,DE,12/24/2020 2:59,52.4,13.07,50,100,100,1.01
265,Half Moon Bay,US,12/24/2020 2:59,37.46,-122.43,55.4,50,75,13.87
266,Asfi,MA,12/24/2020 2:59,32.3,-9.24,59.23,70,16,11.95
267,Whitehorse,CA,12/24/2020 2:59,60.72,-135.05,26.6,79,20,18.34
268,Vagur,FO,12/24/2020 2:59,61.47,-6.81,36.36,78,100,21.07
269,Tucupita,VE,12/24/2020 2:59,9.06,-62.05,72,98,91,2.93
270,Moron,AR,12/24/2020 2:59,-34.65,-58.62,77,61,0,8.16
271,Pangnirtung,CA,12/24/2020 2:59,66.15,-65.71,-12.95,81,100,3.29
272,Itarema,BR,12/24/2020 2:59,-2.92,-39.92,78.46,80,100,13.47
273,Hit,IQ,12/24/2020 2:59,33.64,42.83,51.24,70,47,7.11
274,Maniitsoq,GL,12/24/2020 2:59,65.42,-52.9,32.7,97,100,8.1
275,Hobyo,SO,12/24/2020 2:59,5.35,48.53,76.06,74,18,18.75
276,Tolaga Bay,NZ,12/24/2020 2:54,-38.37,178.3,73.42,62,62,8.46
277,Athens,GR,12/24/2020 2:54,37.98,23.72,55.99,93,20,2.04
278,Cuxhaven,DE,12/24/2020 2:59,53.87,8.69,39.2,93,100,11.41
279,Seoul,KR,12/24/2020 2:59,37.57,126.98,44.6,48,1,3.36
280,Vernon,CA,12/24/2020 2:59,50.26,-119.27,25,85,0,2.24
281,Aden,YE,12/24/2020 2:58,12.78,45.04,76.51,68,32,9.51
282,Usinsk,RU,12/24/2020 2:59,65.99,57.53,-30.48,84,0,9.46
283,Cap Malheureux,MU,12/24/2020 2:59,-19.98,57.61,77,83,6,11.99
284,Ersekvadkert,HU,12/24/2020 2:59,48,19.2,43,95,100,2.44
285,Tabou,CI,12/24/2020 2:59,4.42,-7.35,77.59,85,81,6.2
286,Siaya,KE,12/24/2020 2:59,0.06,34.29,64.11,75,15,1.54
287,Hualmay,PE,12/24/2020 2:59,-11.1,-77.61,67.71,84,100,9.53
288,Ferrol,ES,12/24/2020 2:59,43.48,-8.24,48,100,40,4.7
289,Ouargaye,BF,12/24/2020 2:59,11.5,0.06,71.8,22,0,8.77
290,Arman,RU,12/24/2020 2:59,59.7,150.17,-16.89,81,73,13.11
291,Novikovo,RU,12/24/2020 2:59,51.15,37.89,12.04,96,66,6.58
292,Alofi,NU,12/24/2020 2:59,-19.06,-169.92,82.4,78,98,9.17
293,Tharad,IN,12/24/2020 2:59,24.4,71.63,60.53,32,0,7.49
294,Santa Rosa,PH,12/24/2020 2:57,14.31,121.11,89.01,70,20,5.82
295,Mujiayingzi,CN,12/24/2020 2:59,42.12,118.78,9.3,86,2,10.11
296,Dzaoudzi,YT,12/24/2020 2:59,-12.79,45.27,80.6,74,0,8.05
297,Santa Vitoria Do Palmar,BR,12/24/2020 2:59,-33.52,-53.37,63.3,90,0,8.21
298,Bandarbeyla,SO,12/24/2020 2:59,9.49,50.81,72.63,75,0,16.93
299,Mexico,PH,12/24/2020 2:59,15.06,120.72,82.4,74,40,6.93
300,Kobryn,BY,12/24/2020 2:59,52.21,24.36,34.92,91,100,11.81
301,Airai,TL,12/24/2020 2:59,-8.93,125.41,73.65,73,50,2.26
302,Phan Thiet,VN,12/24/2020 2:59,10.93,108.1,82.17,71,45,8.03
303,Port-Cartier,CA,12/24/2020 2:59,50.03,-66.87,12.2,66,100,3.36
304,Havelock,US,12/24/2020 2:59,34.88,-76.9,57.99,93,75,9.26
305,Sinop,TR,12/24/2020 2:59,41.77,34.87,30.49,91,94,6.69
306,Sola,VU,12/24/2020 2:59,-13.88,167.55,83.61,70,99,3.6
307,Kodiak,US,12/24/2020 2:59,57.79,-152.41,32,84,90,4.7
308,Banda Aceh,ID,12/24/2020 2:59,5.56,95.32,81.23,76,96,10.51
309,Padang,ID,12/24/2020 2:59,-0.95,100.35,80.08,77,100,0.65
310,Ponta Do Sol,PT,12/24/2020 2:59,32.67,-17.1,66.2,72,75,9.17
311,Danane,CI,12/24/2020 2:59,7.26,-8.15,65.14,65,43,0.72
312,Fort Dodge,US,12/24/2020 2:59,42.5,-94.17,12.2,85,90,24.16
313,Bonthe,SL,12/24/2020 2:59,7.53,-12.51,78.12,82,1,2.19
314,Malartic,CA,12/24/2020 2:59,48.13,-78.13,26.6,86,90,18.34
315,Cabo Rojo,PR,12/24/2020 2:59,18.09,-67.15,75,96,0,1.01
316,Ploemeur,FR,12/24/2020 2:59,47.73,-3.43,48,93,100,13.87
317,Deputatskiy,RU,12/24/2020 2:59,69.3,139.9,-21.12,89,100,6.04
318,Mount Vernon,US,12/24/2020 2:59,40.91,-73.84,42.8,56,75,11.41
319,Sassandra,CI,12/24/2020 2:59,4.95,-6.08,76.69,88,88,3.62
320,Contamana,PE,12/24/2020 2:59,-7.33,-75.02,72.5,92,100,1.12
321,Diamantino,BR,12/24/2020 2:59,-14.41,-56.45,72.88,91,100,1.23
322,Fairbanks,US,12/24/2020 2:59,64.84,-147.72,17.6,85,90,2.24
323,Bay City,US,12/24/2020 2:59,43.59,-83.89,51.8,66,90,20.8
324,Goundi,TD,12/24/2020 2:59,9.36,17.37,69.26,25,18,4
325,Slupsk,PL,12/24/2020 2:59,54.46,17.03,37.98,93,100,9.31
326,Bealanana,MG,12/24/2020 2:59,-14.55,48.73,61.16,88,35,3.24
327,East Bethel,US,12/24/2020 2:59,45.32,-93.2,10,90,100,1.01
328,General Roca,AR,12/24/2020 2:59,-39.03,-67.58,82.4,26,0,5.82
329,Geraldton,AU,12/24/2020 2:59,-28.77,114.6,93.2,28,0,12.75
330,Durango,MX,12/24/2020 2:57,24.83,-104.83,53.8,38,100,6.67
331,Tual,ID,12/24/2020 2:59,-5.67,132.75,84.27,69,60,2.33
332,Ilulissat,GL,12/24/2020 2:59,69.22,-51.1,28.4,86,100,10.29
333,Puerto Madryn,AR,12/24/2020 2:59,-42.77,-65.04,63.68,58,17,5.41
334,Dunedin,NZ,12/24/2020 2:57,-45.87,170.5,57,85,60,17
335,Hailar,CN,12/24/2020 2:59,49.2,119.7,-2.15,89,73,4.92
336,Urubicha,BO,12/24/2020 2:59,-15.38,-62.95,72.64,99,100,2.48
337,Port-Gentil,GA,12/24/2020 2:59,-0.72,8.78,79.18,83,100,9.6
338,Tamasane,BW,12/24/2020 3:00,-22.42,27.4,74.48,75,88,3.53
339,Shenjiamen,CN,12/24/2020 3:00,29.96,122.3,52.07,79,53,19.75
340,Myitkyina,MM,12/24/2020 3:00,25.38,97.4,67.78,54,0,2.01
341,Ternate,ID,12/24/2020 2:55,0.8,127.4,84.42,69,69,3.96
342,Mackenzie,CA,12/24/2020 3:00,55.3,-123.17,26.6,79,90,9.17
343,Katsuura,JP,12/24/2020 3:00,35.13,140.3,59,30,75,29.97
344,Herat,AF,12/24/2020 3:00,34.5,62,32,61,0,4.52
345,Emerald,AU,12/24/2020 3:00,-23.53,148.17,86,58,90,16.11
346,Polunochnoye,RU,12/24/2020 3:00,60.87,60.42,-16.74,87,99,7.67
347,Sao Felix Do Xingu,BR,12/24/2020 3:00,-6.64,-51.99,72.9,92,98,1.74
348,Saldanha,ZA,12/24/2020 3:00,-33.01,17.94,62.6,82,53,1.12
349,Mattru,SL,12/24/2020 3:00,7.62,-11.83,73.42,94,2,2.04
350,Antofagasta,CL,12/24/2020 3:00,-23.65,-70.4,66.2,77,90,9.17
351,Taltal,CL,12/24/2020 3:00,-25.4,-70.48,60.69,77,21,0.25
352,Adrar,MR,12/24/2020 3:00,20.5,-10.07,55.24,40,0,9.95
353,Husavik,IS,12/24/2020 3:00,66.04,-17.34,33.8,64,0,9.17
354,Port Lincoln,AU,12/24/2020 3:00,-34.73,135.87,64.15,65,84,11.97
355,Lata,PT,12/24/2020 3:00,40.16,-8.33,46.99,87,40,4.7
356,Pangody,RU,12/24/2020 3:00,65.85,74.49,-41.96,80,54,7.38
357,Dondo,MZ,12/24/2020 3:00,-19.61,34.74,78.8,94,20,9.17
358,Taoudenni,ML,12/24/2020 3:00,22.68,-3.98,56.95,47,0,12.12
359,Vigrestad,NO,12/24/2020 3:00,58.57,5.7,37.4,86,0,13.87
360,Mudgee,AU,12/24/2020 3:00,-32.59,149.59,79,47,40,4.7
361,Turukhansk,RU,12/24/2020 3:00,65.82,87.98,-37.28,78,0,3.51
362,Vao,NC,12/24/2020 3:00,-22.67,167.48,76.93,69,46,6.76
363,Morehead,US,12/24/2020 3:00,37.27,-87.18,53.6,71,90,20.8
364,Kikwit,CD,12/24/2020 3:00,-5.04,18.82,70.34,90,100,0.47
365,Oda,JP,12/24/2020 3:00,35.18,132.5,51.8,66,75,16.11
366,Monrovia,LR,12/24/2020 3:00,6.3,-10.8,78.64,85,29,6.98
367,Tarakan,ID,12/24/2020 3:00,3.3,117.63,81.03,78,100,3.67
368,San Quintin,MX,12/24/2020 3:00,30.48,-115.95,62.06,53,100,3.38
369,Beira,MZ,12/24/2020 3:00,-19.84,34.84,78.8,94,20,9.17
370,Colesberg,ZA,12/24/2020 3:00,-30.72,25.1,60.04,82,0,9.91
371,Penzance,GB,12/24/2020 3:00,50.12,-5.54,46.4,81,98,27.51
372,Bayburt,TR,12/24/2020 3:00,40.26,40.23,14.74,93,91,2.46
373,Upernavik,GL,12/24/2020 3:00,72.79,-56.15,10.11,95,100,12.19
374,Bria,CF,12/24/2020 3:00,6.54,21.99,74.25,35,64,2.8
375,Souris,CA,12/24/2020 3:00,49.62,-100.26,-11.2,69,5,5.82
376,Jalingo,NG,12/24/2020 3:00,8.88,11.37,73.71,27,41,1.86
377,Novyy Urengoy,RU,12/24/2020 3:00,66.08,76.63,-44.09,79,47,6.89
378,Krasnyy Bogatyr,RU,12/24/2020 3:00,56.01,41.13,11.12,95,97,9.71
379,Cayenne,GF,12/24/2020 2:57,4.93,-52.33,78.8,88,90,2.24
380,Kongwa,TZ,12/24/2020 3:00,-6.2,36.42,64.38,93,14,1.3
381,Fare,PF,12/24/2020 3:00,-16.7,-151.02,81.16,76,76,12.1
382,Avera,US,12/24/2020 3:00,33.19,-82.53,57.2,93,1,6.93
383,Mayor Pablo Lagerenza,PY,12/24/2020 3:00,-19.93,-60.77,80.6,65,31,4.9
384,Marsabit,KE,12/24/2020 3:00,2.33,37.99,65.57,79,64,7.78
385,Visnes,NO,12/24/2020 3:00,59.36,5.22,39.2,73,9,21.92
386,Petropavlovsk-Kamchatskiy,RU,12/24/2020 3:00,53.05,158.65,12.2,66,75,4.47
387,Januaria,BR,12/24/2020 3:00,-15.48,-44.37,70.38,86,81,0.63
388,Vzmorye,RU,12/24/2020 3:00,54.7,20.24,37.4,93,75,6.71
389,San Patricio,US,12/24/2020 3:00,28.02,-97.52,68,94,40,6.53
390,East Wenatchee Bench,US,12/24/2020 3:00,47.43,-120.28,30,74,1,3.36
391,Brae,GB,12/24/2020 3:00,60.4,-1.35,33.8,74,59,13.87
392,Belmonte,BR,12/24/2020 3:00,-15.86,-38.88,77,83,75,3.36
393,Yuancheng,CN,12/24/2020 3:00,36.65,107.79,24.44,75,0,2.59
394,Hithadhoo,MV,12/24/2020 3:00,-0.6,73.08,81.27,76,64,11.74
395,Karacabey,TR,12/24/2020 2:56,40.22,28.4,43,59,4,2.59
396,Vaitape,PF,12/24/2020 3:00,-16.52,-151.75,81.66,74,58,11.3
397,Nanchang,CN,12/24/2020 2:59,28.68,115.88,54.73,50,0,10.16
398,Bengkulu,ID,12/24/2020 2:58,-3.8,102.27,84.65,61,95,3.58
399,Ardmore,US,12/24/2020 3:00,34.17,-97.14,37.4,51,1,17.22
400,Muli,MV,12/24/2020 3:00,2.92,73.57,81.5,70,100,3.53
401,Murgab,TM,12/24/2020 3:00,37.5,61.97,32,59,100,6.93
402,Severnyy,RU,12/24/2020 3:00,50.68,36.55,23,92,90,6.71
403,Portland,US,12/24/2020 2:57,45.52,-122.68,44.01,75,1,3.36
404,Zamberk,CZ,12/24/2020 3:00,50.09,16.47,51.01,90,100,8.88
405,Capitan Meza,PY,12/24/2020 3:00,-27.02,-55.57,66.24,58,0,1.36
406,Ha Giang,VN,12/24/2020 3:00,22.83,104.98,66.2,59,97,0.89
407,Aksarka,RU,12/24/2020 3:00,66.56,67.8,-34.31,83,42,8.41
408,Leningradskiy,RU,12/24/2020 3:00,69.38,178.42,2.79,93,100,6.69
409,Aguimes,ES,12/24/2020 3:00,27.91,-15.45,68,72,0,4.7
410,Jingdezhen,CN,12/24/2020 3:00,29.29,117.21,55.44,54,0,4.97
411,Kodinsk,RU,12/24/2020 3:00,58.69,99.18,-20.67,84,100,2.21
412,Ghatanji,IN,12/24/2020 3:00,20.13,78.32,63.95,36,0,4.5
413,Ndele,CF,12/24/2020 3:00,8.41,20.65,72.34,35,100,4.29
414,Touros,BR,12/24/2020 3:00,-5.2,-35.46,78.8,78,40,8.05
415,Korla,CN,12/24/2020 3:00,41.76,86.15,19.96,88,0,2.75
416,Punta De Bombon,PE,12/24/2020 3:00,-17.17,-71.79,68.83,81,98,5.68
417,Katangli,RU,12/24/2020 3:00,51.71,143.23,-1.91,77,15,5.61
418,Hoi An,VN,12/24/2020 2:59,15.88,108.33,75.2,69,75,4.7
419,George Town,MY,12/24/2020 3:00,5.41,100.34,84.2,83,20,2.24
420,Dicabisagan,PH,12/24/2020 3:00,17.08,122.42,84.38,66,37,2.28
421,Marawi,PH,12/24/2020 3:00,8,124.29,82.99,78,68,5.01
422,Pimenta Bueno,BR,12/24/2020 2:56,-11.67,-61.19,73.67,92,100,1.86
423,Coahuayana,MX,12/24/2020 3:00,18.73,-103.68,72.25,60,0,2.01
424,Falmouth,GB,12/24/2020 3:00,50.15,-5.07,46.4,81,95,27.51
425,Saint-Pierre,RE,12/24/2020 3:00,-21.34,55.48,77,73,20,6.93
426,Williston,US,12/24/2020 3:00,48.15,-103.62,12.99,91,1,5.82
427,Tucuman,AR,12/24/2020 3:00,-26.82,-65.22,84.2,54,0,4.7
428,Aktanysh,RU,12/24/2020 3:00,55.72,54.08,4.28,94,98,6.67
429,Ravar,IR,12/24/2020 3:00,31.27,56.81,46.42,49,74,4
430,Sabang,ID,12/24/2020 3:00,5.89,95.32,80.53,77,95,12.06
431,Tessalit,ML,12/24/2020 3:01,20.2,1.01,58.06,35,52,10.54
432,Falam,MM,12/24/2020 3:01,22.92,93.68,58.41,73,0,2.33
433,Salinas,US,12/24/2020 2:56,36.68,-121.66,55.4,47,1,3.36
434,Gari,RU,12/24/2020 2:59,59.43,62.35,-7.08,90,100,9.46
435,Zhigansk,RU,12/24/2020 3:01,66.77,123.37,-46.34,78,60,1.72
436,Kruisfontein,ZA,12/24/2020 3:01,-34,24.73,63,90,100,1.01
437,Rondonopolis,BR,12/24/2020 3:01,-16.47,-54.64,75.51,89,100,2.33
438,Pacific Grove,US,12/24/2020 2:58,36.62,-121.92,53.01,61,1,3.36
439,Lahan,NP,12/24/2020 3:01,26.73,86.5,66.34,48,26,1.79
440,Vredendal,ZA,12/24/2020 3:01,-31.67,18.5,59,95,34,2.86
441,Sao Jose Da Coroa Grande,BR,12/24/2020 3:01,-8.9,-35.15,76.75,81,99,7.61
442,Manggar,ID,12/24/2020 3:01,-2.88,108.27,81.59,78,94,3.31
443,Jalu,LY,12/24/2020 3:01,29.03,21.55,51.06,82,0,5.55
444,Giyani,ZA,12/24/2020 3:01,-23.3,30.72,75.27,92,85,9.95
445,Jamame,SO,12/24/2020 3:01,0.07,42.75,75.42,91,48,5.46
446,George,ZA,12/24/2020 3:01,-33.96,22.46,59,100,98,4.7
447,Hervey Bay,AU,12/24/2020 3:01,-25.3,152.85,84,58,100,5.01
448,Chake Chake,TZ,12/24/2020 3:01,-5.25,39.77,77.74,85,94,5.53
449,Srednekolymsk,RU,12/24/2020 3:01,67.45,153.68,-13.52,89,100,16.53
450,Thinadhoo,MV,12/24/2020 3:01,0.53,72.93,81.46,71,97,8.34
451,Praya,CV,12/24/2020 3:01,14.92,-23.51,68,77,40,6.93
452,Turka,UA,12/24/2020 3:01,49.15,23.03,39.99,88,100,12.26
453,Batticaloa,LK,12/24/2020 3:01,7.71,81.69,79.5,82,56,12.53
454,Kopayhorod,UA,12/24/2020 3:01,48.86,27.8,33.01,94,63,4.79
455,Winkler,CA,12/24/2020 3:01,49.18,-97.94,-5.8,53,21,11.41
456,Kawambwa,ZM,12/24/2020 3:01,-9.79,29.08,63.18,97,86,2.37
457,Berlevag,NO,12/24/2020 3:01,70.86,29.09,33.28,91,100,19.82
458,Romitan,UZ,12/24/2020 3:01,39.93,64.38,26.6,92,100,6.93
459,Benavente,ES,12/24/2020 3:01,42,-5.68,32,79,0,4.7
460,Pontes E Lacerda,BR,12/24/2020 3:01,-15.23,-59.34,73.94,93,99,1.68
461,Bowen,AU,12/24/2020 3:01,-20.02,148.23,84.2,70,90,13.87
462,Moengo,SR,12/24/2020 3:01,5.62,-54.4,73.98,97,100,2.73
463,Maku,IR,12/24/2020 3:01,39.29,44.45,24.57,89,94,4.68
464,Dalaba,GN,12/24/2020 3:01,10.7,-12.25,60.69,35,73,0.51
465,Baniachang,BD,12/24/2020 3:01,24.52,91.37,66.74,64,0,4.56
466,Borovo,HR,12/24/2020 3:01,45.38,18.97,42.8,87,0,9.17
467,Topolobampo,MX,12/24/2020 3:01,25.6,-109.05,64.4,59,75,11.41
468,Olavarria,AR,12/24/2020 3:01,-36.89,-60.32,77,41,17,5.99
469,Virginia Beach,US,12/24/2020 2:59,36.85,-75.98,50,71,90,6.93
470,Seynod,FR,12/24/2020 3:01,45.89,6.09,51.01,87,100,12.75
471,Naryan-Mar,RU,12/24/2020 3:01,67.67,53.09,-25.22,82,0,6.58
472,Ostrovnoy,RU,12/24/2020 3:01,68.05,39.51,17.82,94,100,30.11
473,Beawar,IN,12/24/2020 3:01,26.1,74.32,57.13,42,0,8.9
474,Bacolod,PH,12/24/2020 2:57,10.67,122.95,85.35,68,40,11.97
475,Amazar,RU,12/24/2020 3:01,53.86,120.88,-5.89,82,97,2.08
476,Raga,SS,12/24/2020 3:01,8.46,25.68,67.93,36,27,3.04
477,Tuatapere,NZ,12/24/2020 3:01,-46.13,167.68,59,72,17,15.99
478,Axim,GH,12/24/2020 3:01,4.87,-2.24,78.3,87,56,6.51
479,Outlook,CA,12/24/2020 3:01,51.5,-107.05,10.4,77,41,10.29
480,Trairi,BR,12/24/2020 3:01,-3.28,-39.27,78.35,80,100,9.89
481,Jackson,US,12/24/2020 2:57,42.42,-122.83,39.2,64,1,4.7
482,Nishihara,JP,12/24/2020 3:01,26.18,127.76,71.6,83,75,8.05
483,Itaqui,BR,12/24/2020 3:01,-29.13,-56.55,70.48,46,0,9.13
484,Ciudad Bolivar,VE,12/24/2020 3:01,8.12,-63.55,76.28,84,78,11.07
485,Upington,ZA,12/24/2020 3:01,-28.45,21.26,66.2,45,0,5.82
486,Kudahuvadhoo,MV,12/24/2020 3:01,2.67,72.89,81.34,72,100,4.83
487,Saint-Georges,GD,12/24/2020 2:57,12.06,-61.75,78.8,83,20,12.75
488,Portsmouth,GB,12/24/2020 3:00,50.8,-1.09,45,86,100,27.81
489,Ancud,CL,12/24/2020 3:01,-41.87,-73.82,57.99,100,75,12.75
490,Bardiyah,LY,12/24/2020 3:01,31.76,25.09,58.75,79,43,9.48
491,Yerbogachen,RU,12/24/2020 3:01,61.28,108.01,-28.43,84,94,4.05
492,Marsa Matruh,EG,12/24/2020 3:01,31.35,27.25,60.8,63,0,6.93
493,Henties Bay,NA,12/24/2020 3:01,-22.12,14.28,63,90,15,2.91
494,Atambua,ID,12/24/2020 3:01,-9.11,124.89,82.69,69,11,3.42
495,Beyneu,KZ,12/24/2020 3:01,45.32,55.2,13.01,92,0,9.08
496,Omaruru,NA,12/24/2020 3:01,-21.43,15.93,68.27,47,97,4.45
497,Manicore,BR,12/24/2020 3:01,-5.81,-61.3,75.97,88,100,1.23
498,Magadan,RU,12/24/2020 3:01,59.57,150.8,-16.47,82,88,10.63
499,Alugan,PH,12/24/2020 3:01,12.22,125.48,83.19,75,84,5.57
500,Lagos,NG,12/24/2020 2:57,6.58,3.75,80.6,88,20,1.03
501,Betlitsa,RU,12/24/2020 3:01,54.01,33.96,23.63,98,98,7.2
502,Ucluelet,CA,12/24/2020 3:01,48.93,-125.55,37.99,85,35,9.82
503,Ginda,IN,12/24/2020 3:01,30.69,78.49,46.67,37,0,5.86
504,Constitucion,CL,12/24/2020 3:01,-35.33,-72.42,56.5,78,0,15.43
505,Can,TR,12/24/2020 3:01,40.03,27.05,44.6,81,40,8.05
506,Puerto Narino,CO,12/24/2020 3:01,-3.77,-70.38,78.8,100,75,2.24
507,Noumea,NC,12/24/2020 3:01,-22.28,166.46,91.4,49,0,8.05
508,Tansen,NP,12/24/2020 3:01,27.87,83.55,53.2,60,86,1.03
509,Aleksandrovka,UA,12/24/2020 3:01,46.84,32.76,28.4,100,90,13.42
510,Chapais,CA,12/24/2020 3:01,49.78,-74.85,12.2,92,90,12.75
511,Laguna,US,12/24/2020 3:00,38.42,-121.42,44.6,81,1,3.36
512,Bereda,ES,12/24/2020 3:01,43.27,-7.54,37.99,100,29,1.99
513,Moindou,NC,12/24/2020 3:01,-21.69,165.68,91.4,49,0,8.05
514,Sarahan,IN,12/24/2020 3:01,31.52,77.8,36.14,55,37,9.42
515,Palasa,IN,12/24/2020 3:01,18.77,84.42,71.11,51,0,1.19
516,Veraval,IN,12/24/2020 3:01,20.9,70.37,69.49,38,0,10.8
517,Bahia Blanca,AR,12/24/2020 3:01,-38.72,-62.27,75.69,55,0,8.75
518,Agadir,MA,12/24/2020 3:01,30.42,-9.6,48.2,81,0,3.36
519,Karabash,RU,12/24/2020 3:01,55.48,60.22,11.61,93,44,7.61
520,Sorong,ID,12/24/2020 2:59,-0.88,131.25,84.52,71,82,1.34
521,Hami,CN,12/24/2020 3:01,42.8,93.45,18.88,76,0,4.23
522,Bara,NG,12/24/2020 3:01,10.37,10.73,67.71,26,0,6.04
523,Poum,NC,12/24/2020 3:01,-20.23,164.02,79.81,76,64,4.68
524,At-Bashi,KG,12/24/2020 3:01,41.17,75.81,6.46,65,29,0.67
525,San Jose,US,12/24/2020 2:57,37.34,-121.89,52,40,75,4.7
526,Kota Kinabalu,MY,12/24/2020 3:00,5.97,116.07,87.8,70,20,3.36
527,Mangrol,IN,12/24/2020 3:01,21.12,70.12,67.59,39,0,10.76
528,Shelburne,CA,12/24/2020 3:00,44.08,-80.2,39.99,81,100,22.24
529,Hamilton,US,12/24/2020 2:56,39.18,-84.53,53.01,53,90,18.34
530,Oktyabrskiy,RU,12/24/2020 2:58,54.48,53.47,3.51,94,96,3.91
531,Hauterive,FR,12/24/2020 3:01,46.09,3.45,50,57,90,8.05
532,Yatou,CN,12/24/2020 3:01,37.15,122.38,39.22,67,5,13.47
533,Somoto,NI,12/24/2020 3:01,13.48,-86.58,66.07,87,0,5.19
534,Pisco,PE,12/24/2020 3:01,-13.7,-76.22,68,82,0,16.11
535,Daru,PG,12/24/2020 3:01,-9.08,143.21,87.33,64,99,1.72
536,Shache,CN,12/24/2020 3:01,38.42,77.24,19.04,89,100,3.29
537,Maneadero,MX,12/24/2020 3:01,31.72,-116.57,55.99,88,100,1.01
538,Khandbari,NP,12/24/2020 3:01,27.37,87.2,61.74,37,21,1.48
539,Vodyane,UA,12/24/2020 3:01,47.49,34.49,26.92,94,99,7.29
540,Faya,SA,12/24/2020 3:01,18.39,42.45,53.6,100,12,1.03
541,Shush,IR,12/24/2020 2:58,32.19,48.24,58.21,63,96,5.57
542,Nilagiri,IN,12/24/2020 3:01,21.46,86.77,66.56,38,5,6.24
543,Cururupu,BR,12/24/2020 3:01,-1.83,-44.87,76.8,88,82,3.36
544,The Valley,AI,12/24/2020 3:01,18.22,-63.06,78.8,78,75,12.75
545,Colgong,IN,12/24/2020 3:01,25.27,87.22,64.72,49,0,4.27
546,Beruwala,LK,12/24/2020 3:01,6.48,79.98,77.81,84,84,6.51
547,Coari,BR,12/24/2020 2:56,-4.08,-63.14,75.27,96,100,1.83
548,Margate,GB,12/24/2020 3:01,51.38,1.39,46,79,93,11.99
549,Skibbereen,IE,12/24/2020 3:01,51.55,-9.27,37.4,86,20,16.11
550,Suluq,LY,12/24/2020 2:56,31.67,20.25,54.9,80,6,2.08
551,Yumen,CN,12/24/2020 3:01,40.28,97.2,20.89,67,0,1.25
552,Masuguru,TZ,12/24/2020 3:01,-11.37,38.42,74.82,89,100,3.6
553,Port Hedland,AU,12/24/2020 3:01,-20.32,118.57,100.4,18,50,12.75
554,Szany,HU,12/24/2020 3:01,47.46,17.3,48.2,81,0,11.41
555,Crestview,US,12/24/2020 3:01,30.76,-86.57,62.6,67,75,5.82
556,Flin Flon,CA,12/24/2020 3:01,54.77,-101.86,-20.65,86,0,3.74
557,Pangai,TO,12/24/2020 3:01,-19.8,-174.35,84.2,83,40,8.05
558,Razdolinsk,RU,12/24/2020 3:01,58.42,94.67,-27.85,84,11,5.06
559,Aykhal,RU,12/24/2020 3:01,66,111.5,-47.2,57,0,4.47
560,Derzhavinsk,KZ,12/24/2020 3:01,51.1,66.32,3.74,94,97,9.44
561,Chipinge,ZW,12/24/2020 3:01,-20.19,32.62,69.12,76,100,4.61
562,Chopovychi,UA,12/24/2020 3:01,50.83,28.95,33.98,96,86,3.2
563,Makamba,BI,12/24/2020 3:01,-4.13,29.8,62.19,85,86,1.59
564,Ouadda,CF,12/24/2020 3:01,8.08,22.4,70.83,31,19,4.45
565,Areosa,PT,12/24/2020 3:01,41.72,-8.86,46,93,0,2.24
566,Bolobo,CD,12/24/2020 3:01,-2.17,16.23,72.41,88,95,2.77
567,Asau,RO,12/24/2020 3:01,46.43,26.4,39.99,85,100,5.86
568,Huicungo,PE,12/24/2020 3:01,-7.28,-76.8,70.86,94,100,1.52
569,Hellvik,NO,12/24/2020 3:01,59.92,5.78,37,84,17,4
570,Souillac,MU,12/24/2020 3:01,-20.52,57.52,77,83,75,12.75
571,Klamath Falls,US,12/24/2020 3:01,42.22,-121.78,32,68,1,3.36
572,Greenville,US,12/24/2020 3:01,35.61,-77.37,48.2,76,1,4.7
573,Cairns,AU,12/24/2020 3:01,-16.92,145.77,91,66,40,9.17
574,Port Macquarie,AU,12/24/2020 3:00,-31.43,152.92,75.99,61,100,1.99
575,Yelnya,RU,12/24/2020 3:01,54.58,33.18,25.59,98,100,8.12
